CustomerID,Age,Gender,Account_Length,Contract_Type,Churn,Call_Duration,Data_Usage,Income
1,56,1,13,2,1,0.7527527527527528,0.7715430861723446,0.28465352260372734
2,69,1,22,2,0,0.8348348348348348,0.18637274549098196,0.06584111464943598
3,46,0,19,1,1,0.97997997997998,0.4428857715430861,0.183428302657856
4,32,1,34,0,0,0.4034034034034034,0.406813627254509,0.5357889136485955
5,60,1,14,0,0,0.6286286286286287,0.2745490981963928,0.08359099706224796
6,25,0,4,2,0,0.6056056056056056,0.5991983967935871,0.6189943789468815
7,78,1,48,2,0,0.6746746746746747,0.7895791583166332,0.564896561827729
8,38,1,46,2,0,0.6106106106106106,0.4128256513026052,0.6412164298216531
9,56,1,27,2,0,0.6246246246246246,0.6713426853707414,0.3200299172648835
10,75,1,29,1,0,0.35835835835835833,0.16032064128256512,0.7298347610859659
11,36,1,47,0,1,0.6026026026026026,0.4348697394789579,0.7673855548958679
12,40,0,28,2,0,0.8578578578578578,0.002004008016032064,0.04977986136277768
13,28,1,35,1,0,0.7177177177177178,0.3547094188376753,0.27589424092650994
14,28,1,8,2,0,0.016016016016016016,0.7915831663326652,0.41603503712670886
15,41,1,16,2,0,0.2732732732732733,0.7414829659318637,0.39547848347225334
16,70,1,42,0,0,0.6846846846846847,0.691382765531062,0.19453161745996253
17,53,1,36,2,0,0.11511511511511512,0.5571142284569138,0.14762011242106235
18,57,0,30,0,1,0.8608608608608609,0.29058116232464926,0.2851701351674365
19,41,1,18,0,0,0.97997997997998,0.6352705410821643,0.13546815122097908
20,20,0,2,0,0,0.6926926926926927,0.44689378757515025,0.9096082226214618
21,39,0,49,1,1,0.09009009009009009,0.7374749498997996,0.5078918352083028
22,70,1,13,1,0,0.08108108108108109,0.7675350701402806,0.6710642989875936
23,19,1,4,0,0,0.3233233233233233,0.1222444889779559,0.6888064707651264
24,41,1,26,2,0,0.960960960960961,0.5871743486973947,0.575437000254451
25,61,1,25,0,0,0.11311311311311312,0.47695390781563124,0.40167783423676284
26,47,0,30,2,0,0.7687687687687688,0.3887775551102204,0.9371891650153056
27,55,1,11,0,0,0.057057057057057055,0.3306613226452906,0.27105967260642605
28,19,1,7,2,0,0.15315315315315314,0.9018036072144288,0.7414701097223401
29,77,1,31,1,0,0.8768768768768769,0.4428857715430861,0.4383573262601106
30,38,1,44,2,1,0.4034034034034034,0.12024048096192384,0.6065494136061871
31,50,1,10,0,0,0.6276276276276276,0.2565130260521042,0.6304909361482293
32,29,1,39,1,0,0.8548548548548548,0.9559118236472945,0.9988896685197893
33,75,0,13,2,1,0.2652652652652653,0.344689378757515,0.7334433383966505
34,39,0,31,2,0,0.31431431431431434,0.9599198396793587,0.020834136524508245
35,78,1,7,2,0,0.7147147147147147,0.3106212424849699,0.7476231966751741
36,61,1,49,2,1,0.04004004004004004,0.8096192384769538,0.1571504576262038
37,42,1,42,2,0,0.1041041041041041,0.7555110220440882,0.17911034690148123
38,66,0,42,1,0,0.9009009009009009,0.21843687374749496,0.6007047520645227
39,44,1,36,1,1,0.8898898898898899,0.5370741482965932,0.31395393666484184
40,76,0,20,1,0,0.1921921921921922,0.8216432865731462,0.4361520845702478
41,59,1,4,1,0,0.40040040040040037,0.7114228456913827,0.7231804828399813
42,45,1,7,0,0,0.2772772772772773,0.7815631262525049,0.04903192974069134
43,77,1,1,1,0,0.3533533533533533,0.5551102204408818,0.3413189812708669
44,33,1,44,2,0,0.7487487487487487,0.14629258517034066,0.4189882104386581
45,32,0,45,2,1,0.9369369369369369,0.9739478957915831,0.1159371120586625
46,79,0,42,1,0,0.7327327327327328,0.8737474949899798,0.8892444348489873
47,79,1,47,2,1,0.5795795795795796,0.9258517034068136,0.0561565567387097
48,64,1,13,1,0,0.7087087087087087,0.4128256513026052,0.20868063319736915
49,79,0,22,2,1,0.2552552552552553,0.7755511022044087,0.8754886615108218
50,68,0,21,0,0,0.6506506506506506,0.9599198396793587,0.7243524994024257
51,61,0,22,0,0,0.8238238238238238,0.5571142284569138,0.9491098071570118
52,72,0,28,1,0,0.9469469469469469,0.749498997995992,0.609078501977778
53,69,1,9,1,0,0.6606606606606606,0.6513026052104208,0.5750437578552097
54,74,0,26,1,0,0.0980980980980981,0.9438877755511021,0.6205827698144051
55,20,1,9,2,1,0.5875875875875876,0.6793587174348696,0.8461342730027527
56,54,0,15,1,1,0.28128128128128127,0.7134268537074148,0.5687133262909532
57,68,0,10,0,0,0.8828828828828829,0.6793587174348696,0.951006623435705
58,24,0,24,2,0,0.4024024024024024,0.406813627254509,0.4018166256717891
59,38,0,42,1,0,0.10810810810810811,0.32064128256513025,0.5073598013740352
60,26,0,8,2,0,0.6996996996996997,0.05410821643286573,0.9642920480218365
61,56,1,24,2,0,0.1981981981981982,0.783567134268537,0.7893300229005868
62,35,1,16,1,1,0.3023023023023023,0.5130260521042084,0.22475730775458588
63,21,0,49,2,1,0.3263263263263263,0.3286573146292585,0.5802330153981387
64,42,0,26,0,0,0.15315315315315314,0.12424849699398796,0.21209644462607277
65,77,1,27,0,0,0.5515515515515516,0.04208416833667334,0.7342375338304123
66,31,0,37,2,0,0.6446446446446447,0.13827655310621242,0.37213067984671255
67,67,0,4,1,0,0.4044044044044044,0.7615230460921844,0.10515764393828406
68,75,1,24,2,0,0.46146146146146144,0.8096192384769538,0.5325350255607559
69,26,0,19,0,0,0.13113113113113112,0.1903807615230461,0.7389949957977038
70,43,0,36,2,1,0.7907907907907907,0.3246492985971944,0.3060582461388994
71,70,1,39,2,0,0.8738738738738738,0.156312625250501,0.825253872666569
72,19,1,10,0,0,0.08308308308308308,0.008016032064128256,0.12406412164298217
73,37,1,25,2,1,0.3983983983983984,0.6312625250501002,0.34545959241581914
74,45,0,18,2,1,0.7537537537537538,0.23847695390781562,0.22629172417515478
75,64,1,19,1,0,0.6276276276276276,0.6032064128256512,0.39249446761918716
76,77,1,36,1,0,0.10810810810810811,0.3547094188376753,0.4752450054359979
77,24,1,10,0,0,0.22022022022022023,0.3507014028056112,0.9793432080869143
78,61,1,33,0,1,0.9039039039039038,0.7795591182364728,0.5682044243625233
79,78,1,5,0,0,0.5525525525525525,0.43286573146292584,0.47733458759667213
80,25,1,47,1,0,0.36736736736736736,0.11022044088176351,0.09794819995219409
81,64,0,49,0,0,0.14614614614614616,0.7314629258517034,0.2525849904773654
82,52,0,35,0,1,0.1111111111111111,0.3727454909819639,0.6565605940273419
83,31,1,44,0,0,0.6146146146146146,0.4629258517034068,0.6431440886414632
84,34,1,34,1,0,0.5575575575575575,0.5090180360721442,0.4497228026617113
85,53,1,33,2,0,0.9239239239239239,0.8256513026052104,0.07968941561095219
86,67,0,21,0,0,0.4934934934934935,0.909819639278557,0.7894456824297754
87,57,0,17,2,0,0.5045045045045045,0.2064128256513026,0.8103260827659591
88,21,0,22,0,1,0.4744744744744745,0.15230460921843686,0.3839202411886715
89,19,0,48,2,1,0.8358358358358359,0.45891783567134264,0.1873144628385933
90,79,0,37,1,0,0.8898898898898899,0.8036072144288576,0.024280790494328824
91,23,0,15,1,0,0.2702702702702703,0.5150300601202404,0.916347317855518
92,71,0,35,0,0,0.994994994994995,0.5270541082164328,0.09557332428618795
93,59,0,28,2,0,0.42042042042042044,0.6613226452905812,0.08123154266680033
94,21,0,7,1,0,0.8968968968968969,0.9619238476953907,0.2502255360819178
95,71,1,32,0,1,0.7067067067067067,0.3627254509018036,0.6584805422118729
96,46,1,11,0,0,0.3663663663663664,0.7615230460921844,0.013640113808976728
97,35,1,10,1,0,0.27927927927927926,0.5110220440881763,0.8459723496618886
98,43,1,9,1,0,0.2822822822822823,0.07414829659318636,0.25947829841700654
99,61,0,14,0,1,0.03903903903903904,0.3507014028056112,0.19022137233886702
100,51,0,13,2,0,0.958958958958959,0.052104208416833664,0.2477581327925608
101,27,1,25,2,1,0.1881881881881882,0.5511022044088176,0.2661711298393875
102,79,0,2,2,1,0.16316316316316315,0.2785571142284569,0.42669113508261947
103,53,1,35,0,0,0.993993993993994,0.597194388777555,0.2516134504321811
104,31,0,7,1,0,0.988988988988989,0.8897795591182364,0.8658426567764917
105,48,1,21,0,0,0.5355355355355356,0.5731462925851702,0.9159849179973939
106,65,0,18,1,0,0.5355355355355356,0.18036072144288576,0.31088510382370405
107,32,0,3,2,0,0.003003003003003003,0.9599198396793587,0.4433152647446623
108,25,1,42,2,0,0.8348348348348348,0.12024048096192384,0.6980823650060529
109,31,0,39,1,0,0.28928928928928926,0.9158316633266532,1.0
110,40,1,41,1,0,0.9529529529529529,0.9018036072144288,0.6925075756991619
111,77,1,49,0,0,0.43243243243243246,0.7294589178356713,0.865973737576239
112,74,1,11,2,1,0.47047047047047047,0.6933867735470941,0.2707898003716527
113,79,1,39,0,0,0.18018018018018017,0.3246492985971944,0.03248490643144089
114,57,0,24,0,0,0.24724724724724725,0.7014028056112224,0.6199890508979035
115,38,0,46,0,0,0.6276276276276276,0.28456913827655306,0.9442675282016485
116,33,0,19,2,0,0.2782782782782783,0.7995991983967935,0.6874031351443045
117,62,1,4,0,0,0.8768768768768769,0.5050100200400801,0.5737483711282972
118,35,0,26,0,0,0.5805805805805806,0.5370741482965932,0.748995689754879
119,64,1,38,0,0,0.8628628628628628,0.7374749498997996,0.83621068539837
120,70,0,42,0,0,0.25325325325325326,0.5811623246492985,0.32939833912916083
121,41,0,32,0,0,0.18018018018018017,0.9999999999999999,0.517252546437301
122,43,0,39,0,0,0.8298298298298298,0.9178356713426853,0.9615701937682647
123,42,1,45,2,0,0.6806806806806807,0.3727454909819639,0.3450277968401817
124,77,0,46,0,0,0.8248248248248248,0.8096192384769538,0.8262177020764742
125,77,0,36,1,0,0.5085085085085085,0.9979959919839678,0.7508462422218967
126,77,1,40,0,0,0.7607607607607607,0.8757515030060119,0.2875450108334425
127,62,0,37,0,0,0.6996996996996997,0.9178356713426853,0.004048083521601353
128,58,1,33,2,0,0.5655655655655656,0.8276553106212424,0.9565968340131544
129,46,0,36,2,0,0.3253253253253253,0.6072144288577154,0.43454827243216576
130,32,1,3,1,0,0.3563563563563564,0.5811623246492985,0.9871155284483889
131,62,1,9,1,1,0.8248248248248248,0.17034068136272543,0.9716479940782322
132,18,0,8,2,1,0.6496496496496497,0.3306613226452906,0.8190622325373388
133,42,1,33,2,0,0.6796796796796797,0.8296593186372745,0.2272786854908976
134,24,1,6,0,0,0.39039039039039036,0.9238476953907815,0.2648988750183128
135,26,1,41,2,0,0.6146146146146146,0.81563126252505,0.6154320654478723
136,41,1,39,1,0,0.933933933933934,0.22645290581162322,0.37010278276827235
137,18,1,4,0,0,0.08408408408408408,0.8657314629258517,0.1849087446314702
138,61,1,13,1,0,0.3163163163163163,0.9599198396793587,0.6180382601722556
139,25,0,49,0,0,0.2112112112112112,0.7114228456913827,0.4775196428433739
140,41,1,2,2,1,0.5145145145145145,0.8316633266533066,0.4206999714706495
141,28,1,5,1,0,0.3833833833833834,0.36472945891783565,0.9892899275971349
142,68,0,44,0,0,0.6906906906906907,0.4128256513026052,0.43717759906238673
143,34,0,27,0,0,0.34134134134134136,0.5110220440881763,0.8808861062062904
144,25,0,32,2,0,0.8148148148148148,0.468937875751503,0.6260187676862697
145,52,0,21,2,0,0.963963963963964,0.8837675350701402,0.2923564472476887
146,52,0,8,2,0,0.9879879879879879,0.7094188376753506,0.32047713411107936
147,50,0,38,1,1,0.8438438438438438,0.004008016032064128,0.4971277883584829
148,76,0,8,0,0,0.037037037037037035,0.41482965931863724,0.7833003061122206
149,22,1,3,2,0,0.5105105105105106,0.3927855711422845,0.2612054807195565
150,59,1,44,1,1,0.4194194194194194,0.6813627254509017,0.592546899939086
151,56,0,3,1,0,0.7507507507507507,0.24849699398797592,0.30658256933788774
152,75,1,22,1,1,0.16816816816816815,0.2745490981963928,0.47330963598090847
153,58,1,6,2,0,0.964964964964965,0.6773547094188376,0.88850421386218
154,45,1,2,2,0,0.9089089089089089,0.04809619238476953,0.8996152392995659
155,24,0,23,0,0,0.34234234234234234,0.1342685370741483,0.6367057081832973
156,26,0,44,0,0,0.8258258258258259,0.12024048096192384,0.20891966289102562
157,25,1,2,2,0,0.3053053053053053,0.05611222444889779,0.8386703780524478
158,29,0,38,1,0,0.5415415415415415,0.7655310621242485,0.42618994378946884
159,51,1,17,1,1,0.7017017017017017,0.03607214428857715,0.10731662181647147
160,50,1,35,1,1,0.8688688688688688,0.34068136272545085,0.9117980430407661
161,65,1,34,0,0,0.5365365365365365,0.8997995991983967,0.6255715508400738
162,72,1,23,1,0,0.1111111111111111,0.14629258517034066,0.3906747576932864
163,40,0,30,0,0,0.41041041041041043,0.12024048096192384,0.5667316930241882
164,79,0,8,0,0,0.9469469469469469,0.8537074148296593,0.5587820280512912
165,41,0,22,1,0,0.20520520520520522,0.3046092184368737,0.5087554263595778
166,54,1,44,1,0,0.1841841841841842,0.5511022044088176,0.9032469485160882
167,52,0,36,2,0,0.3813813813813814,0.09418837675350701,0.35714891549914796
168,61,1,5,2,0,0.4954954954954955,0.42084168336673344,0.5907657431895814
169,57,0,13,1,1,0.3783783783783784,0.6853707414829658,0.4796169356393274
170,39,1,29,0,0,0.04604604604604605,0.81563126252505,0.13891480519079966
171,44,1,31,0,0,0.8858858858858859,0.27655310621242485,0.2326067344688529
172,52,1,47,0,0,0.7397397397397397,0.21843687374749496,0.19963605801481984
173,18,0,16,0,0,0.5505505505505506,0.9639278557114228,0.32841908844869727
174,52,0,42,0,0,0.5275275275275275,0.36472945891783565,0.056873645819679075
175,54,0,30,2,0,0.5035035035035035,0.05410821643286573,0.6485029801605354
176,64,0,16,1,1,0.02102102102102102,0.3927855711422845,0.9664201833589069
177,31,1,12,2,0,0.2122122122122122,0.3807615230460922,0.19387621346122705
178,20,0,17,0,0,0.30930930930930933,0.6292585170340681,0.20359161391307032
179,18,0,16,0,1,0.6606606606606606,0.7775551102204408,0.9385308155538935
180,22,1,12,0,1,0.9679679679679679,0.1002004008016032,0.8680170559252377
181,43,1,8,0,0,0.7527527527527528,0.29659318637274545,0.18734530537971025
182,72,1,20,1,0,0.27127127127127126,0.5350701402805611,0.22013863722232077
183,31,0,3,0,0,0.5705705705705706,0.09819639278557113,0.05879359400421
184,56,1,16,1,0,0.7987987987987988,0.7755511022044087,0.4713665558905399
185,44,1,30,0,0,0.9379379379379379,0.49098196392785565,0.41442351435334757
186,26,1,45,1,0,0.2012012012012012,0.22444889779559116,0.05402071076636006
187,32,0,23,2,0,0.031031031031031032,0.3386773547094188,0.2573732949857739
188,32,1,28,0,0,0.44244244244244246,0.9358717434869739,0.581975618971247
189,43,0,40,1,0,0.16116116116116116,0.3306613226452906,0.46435758842171004
190,59,0,5,2,0,0.7667667667667668,0.8176352705410821,0.45831245036278545
191,77,1,20,0,0,0.25325325325325326,0.026052104208416832,0.7918668219074569
192,30,1,40,0,0,0.5205205205205206,0.4048096192384769,0.2654000663114634
193,68,0,44,0,0,0.9769769769769769,0.5751503006012023,0.6401292302472801
194,49,1,1,1,0,0.6506506506506506,0.7895791583166332,0.8473679746474313
195,56,1,30,1,0,0.4794794794794795,0.37675350701402804,0.13411107941183273
196,66,0,21,2,0,0.009009009009009009,0.8036072144288576,0.6421339954198827
197,69,0,20,1,0,0.7257257257257257,0.30861723446893785,0.857900702438874
198,78,1,6,1,0,0.5045045045045045,0.10821643286573146,0.1819170181431248
199,49,0,22,0,1,0.7847847847847848,0.3627254509018036,0.33434085634315414
200,21,1,18,0,1,0.8358358358358359,0.4188376753507014,0.9529265716202359
201,47,1,8,0,0,0.5595595595595596,0.751503006012024,0.7520876545018544
202,54,1,39,0,0,0.43543543543543545,0.9418837675350701,0.5002583062818546
203,40,0,32,0,0,0.11011011011011011,0.14829659318637273,0.1335559136717274
204,56,1,33,0,0,0.15215215215215216,0.5531062124248497,0.794496148537678
205,62,1,16,0,0,0.6346346346346347,0.8557114228456913,0.6825454349183829
206,32,1,12,2,1,0.9169169169169169,0.26452905811623245,0.19777779491252287
207,60,0,38,2,0,0.8688688688688688,0.6853707414829658,0.7255399372354289
208,46,0,34,2,0,0.1011011011011011,0.8496993987975952,0.2229221765581266
209,53,0,14,2,1,0.7527527527527528,0.11623246492985971,0.3567016986529521
210,30,0,36,0,1,0.8328328328328328,0.68937875751503,0.9771996514792854
211,49,0,33,2,1,0.19019019019019018,0.9779559118236472,0.32568952355984615
212,24,1,23,0,0,0.7287287287287287,0.3627254509018036,0.4972665797935092
213,76,0,45,2,0,0.5625625625625625,0.9158316633266532,0.4509256617652728
214,68,0,2,1,0,0.8038038038038038,0.8116232464929859,0.38418240278816573
215,39,0,41,2,0,0.08008008008008008,0.6773547094188376,0.6233277559738147
216,45,1,21,2,0,0.48848848848848847,0.6412825651302605,0.19490943858864532
217,19,0,2,0,0,0.8948948948948949,0.12625250501002003,0.8120378437979505
218,59,0,27,2,1,0.08708708708708708,0.6533066132264529,0.2580055670786716
219,62,1,9,1,0,0.1931931931931932,0.5190380761523046,0.5350255607559508
220,79,0,1,0,0,0.1031031031031031,0.38476953907815625,0.6162185502463549
221,74,1,11,0,0,0.7827827827827828,0.28456913827655306,0.16557047135113465
222,70,1,3,2,0,0.09509509509509509,0.2064128256513026,0.028459954815677257
223,23,1,23,0,0,0.4224224224224224,0.9198396793587174,0.5439853189504283
224,45,1,26,0,0,0.8908908908908909,0.8116232464929859,0.8630976706170822
225,45,1,4,0,0,0.1971971971971972,0.42685370741482964,0.32070074253417735
226,61,0,18,0,0,0.0,0.48296593186372744,0.7277297576547332
227,61,1,6,0,0,0.4064064064064064,0.8617234468937875,0.8192627090545991
228,37,1,35,0,1,0.37737737737737737,0.4168336673346693,0.9714320962904134
229,47,0,22,1,0,0.16616616616616617,0.1843687374749499,0.07419173265685361
230,79,1,43,2,0,0.5085085085085085,0.8597194388777555,0.021119430029840153
231,28,0,15,1,0,0.6376376376376376,0.282565130260521,0.319790887571227
232,75,0,22,0,0,0.3123123123123123,0.8677354709418837,0.6606086775489433
233,72,0,37,0,0,0.5925925925925926,0.8076152304609218,0.6685660531571196
234,45,1,42,2,0,0.4174174174174174,0.8677354709418837,0.34980839071331093
235,42,1,12,1,1,0.7627627627627628,0.2224448897795591,0.7961693563932732
236,56,1,47,2,1,0.6806806806806807,0.8336673346693386,0.969303960953343
237,79,0,49,1,0,0.47647647647647645,0.749498997995992,0.07120771680378746
238,50,1,42,0,1,0.07207207207207207,0.11623246492985971,0.8680787410074716
239,18,1,38,2,0,0.14014014014014015,0.08416833667334668,0.8845949217756052
240,74,1,18,2,0,0.5815815815815816,0.4128256513026052,0.016307993615593985
241,44,0,45,0,0,0.26126126126126126,0.5350701402805611,0.6461589470356462
242,79,0,35,2,0,0.33933933933933935,0.5911823647294588,0.14533005374312788
243,74,1,30,1,1,0.3073073073073073,0.2344689378757515,0.987277451789253
244,69,1,24,1,0,0.24424424424424424,0.038076152304609215,0.01010093221580527
245,30,1,42,1,1,0.5145145145145145,0.4428857715430861,0.08498662204779053
246,58,1,30,1,0,0.3363363363363363,0.3306613226452906,0.2334780362554071
247,20,0,14,0,0,0.5745745745745746,0.2605210420841683,0.550832363078394
248,56,0,6,2,0,0.5605605605605606,0.3106212424849699,0.9124534470395017
249,23,0,3,1,0,0.07507507507507508,0.3667334669338677,0.7080445057868318
250,25,0,16,0,0,0.8798798798798799,0.1783567134268537,0.9905621824182095
251,44,1,7,2,1,0.17417417417417416,0.18637274549098196,0.7659359554633707
252,26,1,14,2,0,0.10810810810810811,0.024048096192384766,0.9552243409334494
253,79,1,9,0,1,0.18218218218218218,0.9218436873747494,0.6627291022507344
254,54,0,15,0,1,0.19119119119119118,0.6432865731462926,0.05422889791889954
255,50,1,21,1,0,0.06406406406406406,0.5851703406813626,0.9005250942625164
256,68,0,35,2,1,0.8488488488488488,0.8657314629258517,0.14913910757107277
257,59,0,2,2,1,0.9629629629629629,0.45891783567134264,0.5196505540091448
258,61,1,27,0,0,0.47347347347347346,0.6432865731462926,0.8690734129584937
259,41,1,2,2,1,0.7827827827827828,0.5831663326653306,0.7444232830342892
260,32,1,35,1,1,0.0990990990990991,0.8757515030060119,0.49965687673007386
261,76,0,18,2,0,0.5435435435435435,0.0501002004008016,0.9989744855078609
262,71,1,14,0,0,0.8638638638638638,0.14829659318637273,0.6426274760777541
263,49,0,20,0,1,0.12712712712712712,0.9118236472945891,0.8092080406504693
264,49,1,18,1,0,0.45145145145145144,0.7274549098196392,0.2532866582877763
265,41,0,10,1,0,0.9139139139139139,0.8476953907815631,0.3969049509989129
266,58,0,25,2,0,0.3683683683683684,0.597194388777555,0.7505763699871233
267,69,1,2,2,1,0.8508508508508509,0.2985971943887775,0.2005613342483287
268,66,0,25,0,0,0.04204204204204204,0.2945891783567134,0.8597666761764503
269,79,0,33,1,1,0.8838838838838838,0.014028056112224447,0.9796362122275254
270,66,1,36,1,0,0.4184184184184184,0.05611222444889779,0.6625363363687534
271,75,0,31,1,0,0.4874874874874875,0.5911823647294588,0.5319798598206507
272,69,1,14,2,0,0.07707707707707707,0.9478957915831663,0.01687086999097856
273,29,0,1,1,0,0.8258258258258259,0.8276553106212424,0.4137989528957291
274,79,1,46,0,0,0.8008008008008007,0.4168336673346693,0.17158476686894233
275,56,1,16,0,1,0.26926926926926925,0.2545090180360721,0.48838392795182395
276,19,0,46,2,1,0.6736736736736737,0.6793587174348696,0.3746829001241413
277,20,0,3,2,0,0.7007007007007007,0.23046092184368736,0.38111356994702794
278,66,0,35,1,0,0.7587587587587588,0.877755511022044,0.5726843034597621
279,54,0,41,2,1,0.8998998998998999,0.2865731462925851,0.5248089690109569
280,66,0,6,0,1,0.7277277277277278,0.8597194388777555,0.37671850783786076
281,73,1,25,1,0,0.31431431431431434,0.6352705410821643,0.4165362284198595
282,34,0,13,0,0,0.924924924924925,0.468937875751503,0.3651525549189998
283,76,1,34,1,0,0.8508508508508509,0.012024048096192383,0.6011828114518355
284,66,1,8,2,1,0.9019019019019019,0.9278557114228456,0.8141197153233455
285,19,0,21,1,0,0.8888888888888888,0.08817635270541081,0.018798528810788723
286,19,1,34,1,0,0.992992992992993,0.8857715430861722,0.174329753028352
287,45,1,4,0,0,0.944944944944945,0.47695390781563124,0.5933719379139648
288,71,1,25,0,1,0.16716716716716717,0.879759519038076,0.2793408948963305
289,40,1,15,1,0,0.3383383383383383,0.8637274549098196,0.32579747245375545
290,54,0,4,2,0,0.1921921921921922,0.30861723446893785,0.7866467218234111
291,49,1,45,2,0,0.45245245245245247,0.3607214428857715,0.7090700202789708
292,50,0,12,0,0,0.2822822822822823,0.4288577154308617,0.14269301647762758
293,18,0,32,2,0,0.3353353353353353,0.17434869739478956,0.9709848794442174
294,36,1,32,0,1,0.3893893893893894,0.5110220440881763,0.3744592917010433
295,79,0,28,2,1,1.0,0.1442885771543086,0.44452583448350313
296,19,0,13,1,1,0.5245245245245245,0.8376753507014028,0.7081678759512997
297,70,0,31,0,1,0.23923923923923923,0.3567134268537074,0.7045824305464528
298,61,1,14,0,0,0.8318318318318318,0.4228456913827655,0.252762335088788
299,43,0,20,1,1,0.9579579579579579,0.5851703406813626,0.5816286403836812
300,49,0,18,0,0,0.4824824824824825,0.4669338677354709,0.6706864778589108
301,23,0,29,2,0,0.6586586586586587,0.9298597194388777,0.7361729032855017
302,49,1,6,2,1,0.7157157157157157,0.47695390781563124,0.46402603110470275
303,72,0,32,0,0,0.5915915915915916,0.4448897795591182,0.5793540029763052
304,21,1,29,2,0,0.8908908908908909,0.23647294589178355,0.5119167868240665
305,72,1,43,0,0,0.5545545545545546,0.625250501002004,0.9865834946141213
306,28,1,2,1,0,0.4574574574574575,0.5270541082164328,0.2664101595330439
307,73,1,23,0,0,0.08808808808808809,0.4128256513026052,0.9796670547686425
308,76,1,19,1,1,0.6596596596596597,0.18837675350701402,0.2443114788227402
309,34,1,31,2,1,0.0940940940940941,0.7454909819639278,0.5572013478190468
310,55,0,5,1,0,0.45145145145145144,0.4428857715430861,0.09797133185803178
311,41,1,19,2,0,0.4274274274274274,0.7314629258517034,0.2855248243902815
312,22,0,34,0,0,0.15015015015015015,0.5511022044088176,0.24129662042855712
313,69,0,10,2,1,0.5135135135135135,0.7595190380761523,0.49017279533660785
314,51,1,25,0,0,0.37537537537537535,0.4609218436873747,0.9820959048816033
315,23,0,2,0,0,0.02102102102102102,0.6172344689378757,0.005597921212728729
316,39,0,11,1,0,0.8828828828828829,0.23647294589178355,0.5451419142423145
317,28,0,31,1,0,0.3123123123123123,0.5350701402805611,0.5857075664463995
318,65,0,15,1,0,0.996996996996997,0.8657314629258517,0.3642195680502117
319,33,1,9,1,1,0.8398398398398398,0.5450901803607214,0.8461728261791489
320,50,0,23,2,0,0.5185185185185185,0.12625250501002003,0.22342336785127728
321,26,1,19,2,0,0.20520520520520522,0.595190380761523,0.670755873576424
322,77,0,9,2,0,0.9519519519519519,0.6993987975951903,0.3232760947174438
323,76,0,35,0,0,0.3743743743743744,0.8256513026052104,0.10023825863012856
324,23,1,21,2,0,0.45045045045045046,0.8056112224448897,0.4700788797989066
325,33,0,9,2,0,0.6256256256256256,0.9879759519038075,0.00889807311224372
326,46,0,28,2,0,0.7837837837837838,0.02004008016032064,0.7602223747214534
327,20,0,46,1,0,0.5945945945945946,0.1943887775551102,0.7741863352121582
328,37,1,7,2,1,0.1781781781781782,0.8677354709418837,0.7022538186921221
329,77,0,16,0,0,0.2092092092092092,0.1402805611222445,0.2033988480310893
330,76,1,16,1,1,0.4994994994994995,0.7274549098196392,0.03703418124619287
331,53,0,33,0,0,0.46346346346346345,0.11422845691382764,0.6316243995342776
332,36,1,4,2,1,0.8398398398398398,0.5791583166332664,0.1019808622032369
333,43,1,4,1,0,0.12312312312312312,0.501002004008016,0.5575868795830089
334,20,0,39,0,1,0.992992992992993,0.5511022044088176,0.6440385223338552
335,36,0,40,2,0,0.11211211211211211,0.09819639278557113,0.34896793146787364
336,37,1,17,0,0,0.011011011011011011,0.7154308617234468,0.8919046040203252
337,49,1,37,0,1,0.12512512512512514,0.4308617234468938,0.055593680363325126
338,24,0,39,0,0,0.5645645645645646,0.7875751503006011,0.9825277004572407
339,69,1,29,2,0,0.3303303303303303,0.8316633266533066,0.8678320006785359
340,58,0,36,2,0,0.9009009009009009,0.10220440881763526,0.3848455174221804
341,50,0,38,0,0,0.2822822822822823,0.5410821643286573,0.617729834761086
342,57,0,39,1,0,0.13913913913913914,0.969939879759519,0.9523868271506889
343,56,0,37,1,0,0.40040040040040037,0.16633266533066132,0.4904503782066605
344,35,1,35,2,0,0.9019019019019019,0.7735470941883766,0.5654054637561589
345,57,0,7,2,1,0.0960960960960961,0.5851703406813626,0.06782274791620083
346,18,1,27,2,0,0.5165165165165165,0.250501002004008,0.9033703186805561
347,28,0,28,2,1,0.5685685685685685,0.5911823647294588,0.9454780979404894
348,45,1,22,2,1,0.9239239239239239,0.14228456913827653,0.15939425249246283
349,74,0,14,1,0,0.8458458458458459,0.5911823647294588,0.5909276665304455
350,42,1,7,2,0,0.06806806806806806,0.47094188376753504,0.8821043865804105
351,67,1,37,0,0,0.11711711711711711,0.11022044088176351,0.9311363163211016
352,40,0,22,0,0,0.8878878878878879,0.813627254509018,0.5213006299589024
353,48,0,5,1,1,0.058058058058058054,0.719438877755511,0.18150835447332506
354,47,0,2,0,0,0.03203203203203203,0.7895791583166332,0.28749874702176714
355,59,0,27,1,0,0.3173173173173173,0.21843687374749496,0.8874401461936449
356,52,1,21,1,0,0.04904904904904905,0.38276553106212424,0.1895197045284561
357,24,0,38,0,0,0.8798798798798799,0.783567134268537,0.16126022623003908
358,77,1,15,2,0,0.48848848848848847,0.1843687374749499,0.5952147797457032
359,33,1,21,0,0,0.018018018018018018,0.6993987975951903,0.6985295818522488
360,43,0,10,0,1,0.7257257257257257,0.11022044088176351,0.6707096097647486
361,65,1,23,1,0,0.1961961961961962,0.11823647294589178,0.16304909361482292
362,74,1,39,0,0,0.8908908908908909,0.2745490981963928,0.7745410244350033
363,69,1,5,1,1,0.4494494494494494,0.07615230460921843,0.20666044675420805
364,77,1,1,2,0,0.98998998998999,0.05410821643286573,0.6690132700033156
365,66,0,13,2,1,0.5585585585585585,0.09619238476953906,0.4402078787271284
366,19,0,21,2,1,0.6786786786786787,0.8396793587174348,0.9523020101626173
367,18,0,26,0,0,0.45145145145145144,0.24849699398797592,0.3375947444309937
368,65,0,45,1,1,0.2882882882882883,0.024048096192384766,0.058076504923240624
369,79,1,21,2,0,0.14014014014014015,0.9599198396793587,0.24147396503997967
370,29,1,18,1,1,0.08308308308308308,0.07014028056112225,0.8669606988919817
371,22,0,37,1,0,0.6936936936936937,0.2004008016032064,0.9761510050813086
372,54,0,45,2,0,0.39039039039039036,0.56312625250501,0.715739719795514
373,49,0,32,2,1,0.5905905905905906,0.17034068136272543,0.20665273611892884
374,76,1,36,1,1,0.21421421421421422,0.0060120240480961915,0.22329999768680944
375,72,0,17,2,1,0.5255255255255256,0.4448897795591182,0.739704374243394
376,26,0,35,1,0,0.21421421421421422,0.6753507014028055,0.34148861524701024
377,58,0,49,1,1,0.4024024024024024,0.8957915831663326,0.08839472284121488
378,52,1,11,2,0,0.12712712712712712,0.3306613226452906,0.19853343716988844
379,36,1,21,0,1,0.8218218218218218,0.7655310621242485,0.09826433599864295
380,65,1,26,2,0,0.47647647647647645,0.6873747494989979,0.7816964939741385
381,33,1,4,0,0,0.7597597597597597,0.7655310621242485,0.9492871517684341
382,20,1,34,1,0,0.4034034034034034,0.751503006012024,0.10800286835632386
383,37,1,48,1,0,0.028028028028028028,0.9418837675350701,0.6855140295008906
384,41,1,18,0,1,0.7917917917917918,0.5551102204408818,0.04826086621276726
385,71,1,40,1,0,0.33733733733733734,0.25851703406813625,0.751686701467334
386,73,0,35,0,0,0.8308308308308309,0.06012024048096192,0.6297815577025392
387,50,0,41,0,0,0.7137137137137137,0.749498997995992,0.5289264482500714
388,41,1,29,1,1,0.36036036036036034,0.02004008016032064,0.3204925553816379
389,69,1,29,0,0,0.5685685685685685,0.9519038076152304,0.7777486487111673
390,28,0,38,2,0,0.3913913913913914,0.6032064128256512,0.583317269509835
391,66,1,42,2,0,0.2172172172172172,0.1903807615230461,0.13263063743821854
392,25,1,21,1,0,0.5735735735735735,0.3787575150300601,0.17834699400883638
393,53,1,42,1,0,0.6686686686686687,0.9058116232464929,0.39088294484582586
394,55,0,13,0,0,0.2012012012012012,0.38276553106212424,0.4646737244681589
395,57,0,49,0,0,0.016016016016016016,0.9719438877755511,0.8637530746158176
396,37,0,41,0,1,0.3213213213213213,0.531062124248497,0.6054082395848595
397,79,0,17,0,1,0.5175175175175175,0.8476953907815631,0.4011535110377744
398,52,0,9,2,0,0.5695695695695696,0.2545090180360721,0.021682306405224727
399,65,1,41,2,1,0.32432432432432434,0.4749498997995992,0.593541571890108
400,79,0,1,1,0,0.4114114114114114,0.81563126252505,0.16779113431155593
401,42,1,2,0,0,0.3173173173173173,0.7094188376753506,0.40595723681674134
402,52,1,48,0,0,0.6806806806806807,0.8557114228456913,0.9044806501607668
403,42,0,29,1,0,0.964964964964965,0.2224448897795591,0.3402857561434487
404,46,0,33,0,0,0.08108108108108109,0.6312625250501002,0.8721191138937937
405,35,1,10,0,0,0.47347347347347346,0.8917835671342684,0.7197261182348814
406,63,1,40,0,0,0.4674674674674675,0.6853707414829658,0.7525734245244466
407,35,1,21,0,0,0.4244244244244244,0.2885771543086172,0.25811351597258103
408,19,0,28,0,0,0.944944944944945,0.1282565130260521,0.40856343154112473
409,71,0,11,1,0,0.7307307307307307,0.4929859719438877,0.3001981633266765
410,52,0,34,0,0,0.6886886886886887,0.4448897795591182,0.6291107324332452
411,33,0,8,1,0,0.2032032032032032,0.9579158316633266,0.9835917681257759
412,78,0,22,0,0,0.5825825825825826,0.9799599198396792,0.21837290174337462
413,58,1,8,2,0,0.3863863863863864,0.625250501002004,0.4090492015637168
414,53,0,49,2,1,0.7777777777777778,0.877755511022044,0.37489108727668075
415,50,1,15,2,0,0.0970970970970971,0.21042084168336672,0.7687888905166897
416,21,1,17,2,0,0.34434434434434436,0.3607214428857715,0.4868109583548589
417,50,1,23,1,0,0.8028028028028028,0.3667334669338677,0.24608492493696557
418,31,0,24,1,0,0.2072072072072072,0.4509018036072144,0.9877709324471243
419,38,0,45,0,0,0.5135135135135135,0.5290581162324649,0.041213345567541304
420,65,0,19,2,0,0.6356356356356356,0.5551102204408818,0.05507706779961602
421,37,1,5,1,0,0.7917917917917918,0.7935871743486973,0.09696894927173053
422,73,1,32,0,0,0.5855855855855856,0.17635270541082163,0.849542373796177
423,25,1,44,0,0,0.16516516516516516,0.3507014028056112,0.8893446731076174
424,24,1,1,1,0,0.02102102102102102,0.03406813627254509,0.15190722563632017
425,20,1,23,2,0,0.15315315315315314,0.7414829659318637,0.5912515132121736
426,34,1,37,0,0,0.938938938938939,0.9198396793587174,0.013100369339429874
427,50,0,8,2,0,0.43843843843843844,0.8476953907815631,0.3701798891210647
428,65,0,13,2,0,0.29429429429429427,0.8016032064128256,0.2016331125521432
429,29,0,8,2,0,0.2182182182182182,0.7975951903807614,0.6530522549752874
430,76,0,23,0,0,0.6686686686686687,0.21042084168336672,0.825091949325705
431,68,1,43,2,0,0.4944944944944945,0.5410821643286573,0.6355876660678074
432,39,1,1,0,0,0.22922922922922923,0.9258517034068136,0.8782876221171864
433,72,0,45,2,1,0.01901901901901902,0.6372745490981964,0.2012784233292981
434,39,1,24,0,0,0.986986986986987,0.33266533066132264,0.2920557324717984
435,63,0,35,2,1,0.5525525525525525,0.024048096192384766,0.17532442497937403
436,47,0,24,1,0,0.94994994994995,0.6733466933867734,0.14155184245629995
437,55,0,17,2,0,0.14714714714714713,0.06212424849699398,0.6573239469199867
438,55,1,5,2,0,0.10710710710710711,0.785571142284569,0.7682105928707467
439,62,0,20,0,0,0.4024024024024024,0.0781563126252505,0.16409774001279967
440,68,0,21,0,0,0.5955955955955956,0.2945891783567134,0.30117741400714004
441,71,0,40,2,0,0.4824824824824825,0.4348697394789579,0.8897379155068587
442,25,1,31,1,0,0.3663663663663664,0.4368737474949899,0.04236994085942741
443,44,1,46,1,0,0.8338338338338338,0.937875751503006,0.2788397036031799
444,44,0,36,0,1,0.4134134134134134,0.1623246492985972,0.5292194523906825
445,51,1,11,1,1,0.3083083083083083,0.6653306613226453,0.06500065540399874
446,38,1,15,2,0,0.8018018018018018,0.41482965931863724,0.5708723041691405
447,47,1,19,0,0,0.9179179179179179,0.4008016032064128,0.6375847206051307
448,50,1,7,2,0,0.8348348348348348,0.8937875751503005,0.8637453639805385
449,45,1,28,0,0,0.13313313313313313,0.6633266533066132,0.6575012915314093
450,64,1,43,0,0,0.7187187187187187,0.8557114228456913,0.2346037890061762
451,50,1,5,0,1,0.2822822822822823,0.07414829659318636,0.2993962572576354
452,22,1,5,0,0,0.7777777777777778,0.42084168336673344,0.9956666229730667
453,77,1,30,1,0,0.07207207207207207,0.8877755511022043,0.4742580441202551
454,78,1,32,2,0,0.4804804804804805,0.6533066132264529,0.6368830527947198
455,65,0,8,2,1,0.35135135135135137,0.49699398797595185,0.2972141474736103
456,36,0,10,2,0,0.5595595595595596,0.45290581162324645,0.824320885797781
457,21,1,38,0,0,0.3253253253253253,0.09418837675350701,0.04143695399063929
458,52,0,47,1,1,0.7447447447447447,0.03406813627254509,0.34372469947799
459,66,0,32,2,0,0.44244244244244246,0.7995991983967935,0.41131612833581366
460,34,1,48,1,1,0.0990990990990991,0.877755511022044,0.3995419882644131
461,61,1,28,0,0,0.058058058058058054,0.5891783567134268,0.11542821013023266
462,45,1,17,2,1,0.5075075075075075,0.39078156312625245,0.9417153079242199
463,47,0,31,1,0,0.25725725725725723,0.3727454909819639,0.001889105643413963
464,46,0,8,0,0,0.4124124124124124,0.68937875751503,0.5280165932871209
465,63,1,40,1,1,0.45145145145145144,0.44689378757515025,0.36668697133956873
466,70,1,25,2,0,0.06406406406406406,0.6352705410821643,0.9626882358837544
467,23,1,9,2,0,0.5945945945945946,0.9759519038076151,0.9961909461720552
468,52,0,2,0,0,0.15315315315315314,0.7935871743486973,0.08678320006785359
469,77,0,15,0,0,0.984984984984985,0.7294589178356713,0.21790255299134095
470,58,0,3,0,0,0.2652652652652653,0.6733466933867734,0.6076134812747223
471,54,0,49,1,0,0.8208208208208209,0.9939879759519037,0.39128389788034634
472,41,1,36,1,0,0.07807807807807808,0.4569138276553106,0.26408925831399255
473,46,1,4,1,0,0.31431431431431434,0.7795591182364728,0.06500836603927798
474,66,1,14,0,0,0.6616616616616616,0.9338677354709418,0.800518154690765
475,63,1,41,2,0,0.9469469469469469,0.15230460921843686,0.5025329436892306
476,70,0,41,2,1,0.5595595595595596,0.374749498997996,0.574157034798097
477,48,0,25,1,1,0.9169169169169169,0.691382765531062,0.9368884502394151
478,52,1,10,1,1,0.8908908908908909,0.5390781563126252,0.9982805283327293
479,77,1,21,2,0,0.24724724724724725,0.18837675350701402,0.0372269471281739
480,50,0,36,2,0,0.7897897897897898,0.6192384769539078,0.9333801111873606
481,69,1,12,1,0,0.8678678678678678,0.2625250501002004,0.3777208904241621
482,78,0,27,1,0,0.6096096096096096,0.07615230460921843,0.7745795776113994
483,38,1,40,2,0,0.4134134134134134,0.14228456913827653,0.41894965726226185
484,49,1,2,0,0,0.024024024024024024,0.561122244488978,0.6339838539297253
485,40,1,13,1,0,0.2832832832832833,0.6653306613226453,0.9483541648996462
486,50,1,32,2,1,0.44844844844844844,0.3186372745490982,0.2272941067614561
487,20,1,31,2,0,0.8808808808808809,0.3727454909819639,0.6586964399996916
488,35,1,16,2,0,0.3003003003003003,0.9719438877755511,0.46133501939224775
489,42,1,32,2,0,0.06706706706706707,0.3807615230460922,0.7879498191856027
490,59,0,32,0,0,0.006006006006006006,0.843687374749499,0.9750792267774943
491,48,0,34,2,1,0.8168168168168168,0.23847695390781562,0.947421178030858
492,71,0,11,1,0,0.13613613613613612,0.438877755511022,0.20285139292626322
493,75,0,10,0,0,0.16316316316316315,0.10420841683366733,0.2292680293929417
494,20,0,15,2,0,0.08208208208208208,0.4428857715430861,0.2215111303020256
495,57,1,17,0,0,0.8968968968968969,0.9018036072144288,0.6401986259647933
496,63,1,40,1,0,0.6496496496496497,0.8236472945891783,0.9728123000053975
497,41,0,18,2,1,0.4194194194194194,0.2605210420841683,0.47624738802229916
498,67,1,9,1,1,0.07207207207207207,0.4729458917835671,0.8202573810056211
499,49,0,25,2,1,0.23623623623623624,0.49098196392785565,0.19941244959172186
500,64,0,40,2,0,0.04504504504504504,0.4509018036072144,0.04528456099498038
501,39,1,14,2,1,0.6176176176176176,0.41482965931863724,0.16595600311509665
502,40,1,25,2,0,0.9279279279279279,0.8116232464929859,0.3192742750075178
503,19,1,22,2,0,0.7997997997997998,0.1903807615230461,0.4935346323183567
504,44,0,30,0,0,0.26126126126126126,0.843687374749499,0.39257928460725877
505,59,1,20,2,0,0.17517517517517517,0.3987975951903807,0.15652589616858534
506,19,0,21,2,0,0.16516516516516516,0.4929859719438877,0.4037828376679955
507,43,0,44,0,0,0.6566566566566566,0.14228456913827653,0.22982319513304703
508,34,0,32,0,0,0.8418418418418419,0.6352705410821643,0.3828253309790194
509,57,1,46,0,0,0.36936936936936937,0.3687374749498998,0.2521377736311695
510,50,1,49,0,0,0.7947947947947948,0.01002004008016032,0.5321649150673524
511,26,0,21,0,1,0.05305305305305305,0.4108216432865731,0.3538102104232368
512,60,1,35,0,1,0.6896896896896897,0.06212424849699398,0.5784749905544718
513,71,1,32,2,1,0.4184184184184184,0.19639278557114226,0.3325365676878118
514,65,1,30,2,0,0.7557557557557557,0.7875751503006011,0.3023956943812601
515,56,0,39,1,0,0.5065065065065065,0.7735470941883766,0.967954599779476
516,46,0,49,2,0,0.34034034034034033,0.5110220440881763,0.40086050689716324
517,59,1,12,2,0,0.12612612612612611,0.3727454909819639,0.2951476972187739
518,72,0,41,0,0,0.4084084084084084,0.1503006012024048,0.8778172733651525
519,43,1,47,0,0,0.9239239239239239,0.35270541082164325,0.5708800148044197
520,52,1,18,2,0,0.3663663663663664,0.6292585170340681,0.8608461651155438
521,67,1,21,1,1,0.2702702702702703,0.5731462925851702,0.7327879343979151
522,42,1,13,0,0,0.6436436436436437,0.6973947895791582,0.7407298887355329
523,41,0,21,2,0,0.6046046046046046,0.5090180360721442,0.37401207485484733
524,30,0,8,2,0,0.3783783783783784,0.6492985971943888,0.2714683362762258
525,77,0,46,1,1,0.07207207207207207,0.3787575150300601,0.5718207123084871
526,75,1,40,1,1,0.9229229229229229,0.6152304609218436,0.5735324733404785
527,24,1,46,0,1,0.9219219219219219,0.68937875751503,0.17079057143518053
528,74,1,7,1,1,0.914914914914915,0.25250501002004005,0.4734330061453763
529,53,0,23,2,0,0.24724724724724725,0.8496993987975952,0.48732757091856804
530,62,1,44,2,0,0.8598598598598598,0.5731462925851702,0.9440824729549467
531,37,0,32,1,0,0.7847847847847848,0.5070140280561122,0.37683416736704944
532,18,0,11,1,0,0.04204204204204204,0.4248496993987976,0.04693463694473787
533,25,0,22,1,0,0.3763763763763764,0.4989979959919839,0.20928977338442914
534,63,0,22,1,0,0.04004004004004004,0.16633266533066132,0.8642002914620136
535,33,0,43,0,1,0.16916916916916916,0.9739478957915831,0.34484274159347994
536,31,0,25,1,1,0.9459459459459459,0.7655310621242485,0.644516581721168
537,29,1,22,0,1,0.2112112112112112,0.8116232464929859,0.6813965502617761
538,68,1,28,2,1,0.4924924924924925,0.7755511022044087,0.8672459923973136
539,40,0,29,1,0,0.6796796796796797,0.024048096192384766,0.43722386287406223
540,32,0,13,0,0,0.03803803803803804,0.08817635270541081,0.3838971092828338
541,45,1,18,1,0,0.3683683683683684,0.25250501002004005,0.40130001310808006
542,51,0,2,2,0,0.7567567567567568,0.8517034068136272,0.8362646598453247
543,19,0,29,2,0,0.15015015015015015,0.22645290581162322,0.6228651178570602
544,49,1,21,2,0,0.11011011011011011,0.8657314629258517,0.17824675575020624
545,40,0,15,1,1,0.4794794794794795,0.5511022044088176,0.7565058485168593
546,39,0,27,1,0,0.43543543543543545,0.9999999999999999,0.39000393242399245
547,68,0,31,0,0,0.04604604604604605,0.40881763527054105,0.5830473972750615
548,42,1,15,2,0,0.5745745745745746,0.6733466933867734,0.6293728940327394
549,75,1,23,1,0,0.7367367367367368,0.8757515030060119,0.9779938469130472
550,79,1,24,2,0,0.36536536536536535,0.8396793587174348,0.5266055470310199
551,78,0,44,2,0,0.06806806806806806,0.9619238476953907,0.5039671218511693
552,39,0,13,0,1,0.2982982982982983,0.7695390781563125,0.06783045855148007
553,75,1,22,0,0,0.943943943943944,0.7975951903807614,0.1906223253733875
554,75,0,43,0,0,0.8018018018018018,0.9218436873747494,0.4818144666939109
555,39,0,37,0,0,0.2952952952952953,0.5450901803607214,0.39143811058593125
556,66,0,33,2,0,0.2022022022022022,0.81563126252505,0.5501152739974247
557,69,0,3,0,1,0.06006006006006006,0.11422845691382764,0.44242854168754964
558,59,0,19,0,0,0.9459459459459459,0.655310621242485,0.8027156857453486
559,23,1,23,0,1,0.9629629629629629,0.9959919839679358,0.3817149994988087
560,32,0,29,0,0,0.8298298298298298,0.4368737474949899,0.012676284399071647
561,71,1,30,2,1,0.3133133133133133,0.21643286573146292,0.6453416196960468
562,60,0,39,0,0,0.16016016016016016,0.5571142284569138,0.8091540662035145
563,77,1,44,2,0,0.3303303303303303,0.34669338677354705,0.9063928877100184
564,54,0,47,1,0,0.5275275275275275,0.655310621242485,0.9628193166835016
565,50,1,25,2,0,0.33733733733733734,0.5270541082164328,0.19842548827597908
566,25,0,37,2,0,0.6056056056056056,0.6292585170340681,0.25475167899083206
567,70,1,47,0,0,0.3033033033033033,0.9478957915831663,0.4981070390389465
568,77,0,8,1,0,0.5025025025025025,0.22044088176352702,0.6981671819941245
569,61,1,42,1,0,0.6496496496496497,0.3727454909819639,0.9236570001002383
570,61,0,16,1,0,0.33733733733733734,0.5370741482965932,0.7859758965541171
571,22,1,8,1,1,0.5495495495495496,0.845691382765531,0.200538202342491
572,56,1,1,2,0,0.6386386386386387,0.4569138276553106,0.9914180629342052
573,21,0,44,1,0,0.27427427427427425,0.9939879759519037,0.023964654447879957
574,23,0,5,2,0,0.16316316316316315,0.3106212424849699,0.1958655573632712
575,62,1,3,2,1,0.44244244244244246,0.9458917835671342,0.1029215597073043
576,49,0,1,2,0,0.3183183183183183,0.37675350701402804,0.4724229129237958
577,69,1,4,1,0,0.5885885885885885,0.5430861723446894,0.18925754292896194
578,47,1,40,0,1,0.5035035035035035,0.749498997995992,0.7745564457055617
579,64,1,35,0,0,0.6856856856856857,0.002004008016032064,0.2031675289727121
580,52,0,32,1,0,0.3863863863863864,0.49098196392785565,0.7593510729348991
581,72,1,42,0,0,0.96996996996997,0.4188376753507014,0.35377936788211983
582,57,1,34,0,0,0.8698698698698699,0.8016032064128256,0.7574157034798097
583,69,0,43,2,0,0.8328328328328328,0.5711422845691382,0.5100893662628865
584,33,0,25,2,0,0.8878878878878879,0.7174348697394789,0.08768534439552475
585,30,0,10,1,0,0.6026026026026026,0.024048096192384766,0.21343038452938137
586,67,0,21,1,1,0.7497497497497497,0.1903807615230461,0.6296504769027921
587,77,1,46,0,0,0.7757757757757757,0.9959919839679358,0.569476679183598
588,59,1,39,2,0,0.6906906906906907,0.44088176352705405,0.2573887162563324
589,47,1,27,1,0,0.4934934934934935,0.4749498997995992,0.7597828685105366
590,36,1,27,1,0,0.4894894894894895,0.18637274549098196,0.43306783045855146
591,34,0,2,1,0,0.7207207207207207,0.6753507014028055,0.16197731531100848
592,73,1,41,1,0,0.07207207207207207,0.5370741482965932,0.9428102181338721
593,36,1,48,1,1,0.5085085085085085,0.34068136272545085,0.7309682244720143
594,45,0,13,1,1,0.3893893893893894,0.937875751503006,0.28217840867909105
595,75,1,9,0,0,0.6186186186186187,0.18637274549098196,0.8580472045091795
596,72,1,36,2,0,0.8568568568568569,0.29659318637274545,0.11590626951754554
597,43,1,22,2,0,0.29429429429429427,0.2224448897795591,0.6215080460479139
598,54,1,42,1,0,0.3683683683683684,0.10821643286573146,0.5585121558165177
599,43,1,26,2,0,0.955955955955956,0.6733466933867734,0.0774533313799724
600,70,1,12,2,0,0.7957957957957957,0.8476953907815631,0.8467048600134165
601,79,0,17,2,0,0.8648648648648649,0.9338677354709418,0.9681088124850606
602,40,0,14,1,1,0.6936936936936937,0.23046092184368736,0.009861902522148802
603,26,1,14,1,1,0.5485485485485485,0.28456913827655306,0.6081146725678729
604,29,1,34,2,0,0.6486486486486487,0.4008016032064128,0.6392502178254467
605,70,0,20,2,0,0.8498498498498498,0.35871743486973945,0.20405425202982472
606,18,1,11,1,0,0.5675675675675675,0.40280561122244485,0.2437254705415179
607,75,1,16,0,0,0.18618618618618618,0.7274549098196392,0.15221565104748982
608,75,1,31,2,0,0.8528528528528528,0.9579158316633266,0.9510914404237766
609,18,0,6,0,0,0.7697697697697697,0.10420841683366733,0.4032508038337279
610,64,1,19,2,0,0.4444444444444444,0.9418837675350701,0.5400143417816194
611,51,0,37,0,0,0.5695695695695696,0.7675350701402806,0.6443469477450248
612,49,1,4,0,0,0.36236236236236236,0.35871743486973945,0.21666114071138323
613,79,0,47,0,0,0.12212212212212212,0.8276553106212424,0.8475298979882954
614,71,0,4,1,0,0.1871871871871872,0.8336673346693386,0.015999568204424358
615,65,1,20,0,1,0.7417417417417418,0.625250501002004,0.5400914481344118
616,42,0,10,0,0,0.6796796796796797,0.6152304609218436,0.7106584111464944
617,57,1,24,0,0,0.4194194194194194,0.2725450901803607,0.8845101047875336
618,62,0,35,2,0,0.6256256256256256,0.3627254509018036,0.6910117124549892
619,70,1,26,0,0,0.25125125125125125,0.7334669338677354,0.15242383820002928
620,18,1,37,2,0,0.6186186186186187,0.0,0.5816594829247982
621,33,0,38,0,0,0.5485485485485485,0.08617234468937875,0.8102335551426082
622,78,1,21,0,0,0.33433433433433435,0.45290581162324645,0.12183574804728162
623,56,1,40,1,1,0.09109109109109109,0.6613226452905812,0.0029300414061114444
624,22,0,39,2,0,0.5295295295295295,0.1943887775551102,0.28630359855348486
625,39,1,21,0,0,0.8658658658658659,0.41482965931863724,0.876961392849157
626,46,1,10,2,0,0.062062062062062065,0.5290581162324649,0.9477141821714691
627,72,0,38,2,0,0.6616616616616616,0.5751503006012023,0.0203483665019161
628,20,0,46,1,0,0.5115115115115115,0.5410821643286573,0.7009969851416058
629,29,1,4,1,0,0.13813813813813813,0.2785571142284569,0.879205187715416
630,43,1,45,1,0,0.6976976976976977,0.9619238476953907,0.46290027835393366
631,33,0,20,1,0,0.1841841841841842,0.4729458917835671,0.6112991649381992
632,68,0,17,1,0,0.2042042042042042,0.9238476953907815,0.0668126546946203
633,54,1,7,1,0,0.7717717717717718,0.8817635270541081,0.7244990014727314
634,39,0,4,1,0,0.2132132132132132,0.783567134268537,0.3486672166919833
635,74,1,29,1,0,0.2552552552552553,0.14228456913827653,0.8039031235783517
636,46,1,14,0,1,0.13413413413413414,0.30861723446893785,0.12358606225566923
637,31,1,3,2,0,0.5725725725725725,0.3787575150300601,0.42369169795899486
638,45,1,24,1,0,0.8748748748748749,0.5350701402805611,0.8600519696817822
639,22,1,37,1,0,0.8218218218218218,0.6412825651302605,0.7585337455952996
640,64,0,16,2,0,0.08708708708708708,0.2124248496993988,0.9522711676215004
641,66,0,4,0,0,0.8358358358358359,0.4629258517034068,0.22936055701629257
642,47,0,24,2,1,0.9879879879879879,0.08216432865731463,0.9752951245653129
643,63,0,34,2,0,0.2062062062062062,0.3787575150300601,0.5571705052779299
644,79,1,30,1,0,0.12812812812812813,0.7414829659318637,0.8640460787564287
645,69,1,18,2,0,0.8228228228228228,0.27655310621242485,0.8833689307662059
646,22,1,19,2,0,0.002002002002002002,0.20440881763527052,0.4552359068863684
647,29,1,31,1,0,0.973973973973974,0.34068136272545085,0.005204678813487462
648,33,0,19,1,0,0.933933933933934,0.7014028056112224,0.7717883276403144
649,43,1,49,1,0,0.7537537537537538,0.5450901803607214,0.5694304153719225
650,43,1,46,1,0,0.12012012012012012,0.9619238476953907,0.36723442644439475
651,65,0,19,2,0,0.3843843843843844,0.8316633266533066,0.6018767686269672
652,38,0,22,2,0,0.6136136136136137,0.44088176352705405,0.966744030040635
653,56,0,24,0,0,0.037037037037037035,0.4248496993987976,0.19802453524145855
654,53,0,45,0,0,0.34034034034034033,0.6813627254509017,0.7824444255962248
655,50,1,12,2,0,0.924924924924925,0.8476953907815631,0.3019638988056226
656,79,1,30,0,0,0.6446446446446447,0.813627254509018,0.7631832586686818
657,47,0,38,2,0,0.7137137137137137,0.11022044088176351,0.29903385739951116
658,54,1,31,0,0,0.8598598598598598,0.7795591182364728,0.8785806262577974
659,40,1,36,1,0,0.02002002002002002,0.6833667334669338,0.8953512579901458
660,75,1,19,0,0,0.24124124124124124,0.8677354709418837,0.6209914334842048
661,27,0,48,1,0,0.4544544544544544,0.20240480961923846,0.03409642920480219
662,71,1,45,1,1,0.9629629629629629,0.8416833667334669,0.5000115659529188
663,22,0,36,1,0,0.6206206206206206,0.9859719438877754,0.5537624044845055
664,53,1,30,1,0,0.3023023023023023,0.38276553106212424,0.19714552281962514
665,51,1,49,0,0,0.5955955955955956,0.9979959919839678,0.24349415148314071
666,69,1,33,2,0,0.5945945945945946,0.6192384769539078,0.24137372678134952
667,48,0,18,1,0,0.8028028028028028,0.3987975951903807,0.16758294715901642
668,27,1,49,0,0,0.963963963963964,0.46492985971943884,0.5957082604035747
669,75,0,28,1,1,0.06806806806806806,0.8657314629258517,0.33390135013223743
670,36,0,47,0,0,0.12812812812812813,0.45290581162324645,0.20569661734430297
671,75,0,11,0,0,0.19519519519519518,0.7414829659318637,0.19844090954653756
672,49,1,45,0,0,0.13913913913913914,0.27655310621242485,0.5892930118512465
673,18,1,33,2,0,0.44344344344344344,0.6873747494989979,0.9591721861964208
674,73,1,17,0,0,0.2822822822822823,0.6092184368737474,0.34751062140009714
675,22,1,6,0,1,0.3113113113113113,0.29659318637274545,0.09191077252854862
676,62,0,4,2,0,0.7457457457457457,0.2284569138276553,0.22472646521346892
677,21,0,20,2,0,0.5345345345345345,0.8997995991983967,0.1349129854808738
678,33,0,48,0,1,0.6646646646646647,0.12424849699398796,0.34667016215465996
679,41,1,47,2,0,0.27627627627627627,0.2064128256513026,0.3234457286935871
680,33,0,27,1,0,0.06006006006006006,0.6773547094188376,0.6659752797032947
681,72,1,15,1,0,0.3183183183183183,0.7174348697394789,0.9868533668488947
682,19,0,6,2,0,0.8898898898898899,0.3106212424849699,0.9107879498191856
683,66,1,47,2,0,0.05105105105105105,0.5450901803607214,0.3707504761317285
684,45,1,14,0,0,0.8558558558558559,0.01002004008016032,0.7598985280397252
685,49,0,11,2,1,0.15215215215215216,0.2925851703406813,0.9732518062163141
686,44,0,39,0,0,0.7487487487487487,0.3667334669338677,0.9928445304608647
687,37,0,9,1,0,0.3103103103103103,0.9719438877755511,0.6522966127179218
688,41,0,26,2,0,0.8138138138138138,0.05410821643286573,0.43777131797888835
689,29,1,16,0,0,0.5435435435435435,0.8997995991983967,0.20979867531285903
690,67,0,5,0,0,0.5665665665665666,0.07414829659318636,0.9830134704798329
691,52,0,10,1,0,0.8638638638638638,0.23647294589178355,0.15185325118936552
692,77,0,3,2,0,0.3883883883883884,0.5851703406813626,0.20388461805368144
693,50,1,13,1,1,0.5475475475475475,0.7414829659318637,0.17732919015197665
694,50,1,43,0,1,0.6216216216216216,0.48697394789579157,0.6015837644863561
695,78,0,49,0,1,0.17617617617617617,0.1342685370741483,0.8630745387112445
696,68,1,30,2,0,0.3613613613613614,0.42685370741482964,0.08697596594983462
697,60,0,45,0,0,0.3133133133133133,0.4348697394789579,0.8262254127117533
698,54,1,6,2,0,0.8068068068068068,0.35270541082164325,0.5072055886684504
699,29,1,17,1,0,0.8478478478478478,0.597194388777555,0.6794303382655698
700,20,1,45,2,0,0.0960960960960961,0.32665330661322645,0.37683416736704944
701,18,1,19,2,0,0.8808808808808809,0.11422845691382764,0.2533791859111272
702,50,0,42,0,0,0.2122122122122122,0.5370741482965932,0.2053727706625749
703,57,0,35,0,0,0.8288288288288288,0.6152304609218436,0.49381221518840945
704,27,0,46,2,0,0.13613613613613612,0.11422845691382764,0.3445420268175895
705,60,1,26,0,1,0.005005005005005005,0.5751503006012023,0.9688490334718677
706,61,0,5,0,0,0.10810810810810811,0.9298597194388777,0.03367234426444396
707,46,0,29,0,0,0.5465465465465466,0.20841683366733466,0.2687310607520954
708,30,0,37,2,0,0.03803803803803804,0.4549098196392785,0.3885851755326122
709,29,1,20,0,0,0.6616616616616616,0.4929859719438877,0.7385092257751117
710,48,1,49,2,1,0.4244244244244244,0.374749498997996,0.7271668812793486
711,63,1,21,0,0,0.6296296296296297,0.9879759519038075,0.768511307646637
712,19,0,10,1,0,0.2602602602602603,0.16432865731462926,0.7559198402356371
713,78,0,5,0,0,0.42542542542542544,0.37074148296593185,0.5386187167960769
714,68,0,36,0,1,0.08608608608608609,0.503006012024048,0.26806023548280145
715,67,1,6,2,0,0.46446446446446443,0.7094188376753506,0.36072665026871564
716,52,1,26,2,1,0.07507507507507508,0.4749498997995992,0.7801466562830112
717,40,0,4,0,0,0.47047047047047047,0.719438877755511,0.8199797981355684
718,34,1,39,1,0,0.975975975975976,0.3667334669338677,0.5325658681018729
719,43,1,39,0,0,0.9629629629629629,0.567134268537074,0.35169749635672487
720,25,1,35,0,1,0.4134134134134134,0.7695390781563125,0.7806170050350448
721,46,1,1,1,0,0.8248248248248248,0.8517034068136272,0.9679700210500343
722,43,0,24,2,0,0.8948948948948949,0.4188376753507014,0.4702793563161669
723,27,1,36,0,0,0.7257257257257257,0.6072144288577154,0.7083837737391184
724,43,1,6,2,0,0.45645645645645644,0.5911823647294588,0.9455243617521648
725,79,1,41,2,0,0.28428428428428426,0.19238476953907813,0.5194500774918845
726,51,1,46,1,1,0.23823823823823823,0.8937875751503005,0.4965109375361436
727,68,0,44,1,0,0.6766766766766766,0.9198396793587174,0.9549698899692346
728,58,0,31,2,0,0.5985985985985985,0.9118236472945891,0.9157381776684582
729,24,1,20,0,0,0.6526526526526526,0.9438877755511021,0.8347610859658727
730,21,1,24,2,0,0.6716716716716716,0.41482965931863724,0.10393165292888482
731,75,1,25,0,0,0.5575575575575575,0.7394789579158316,0.16690441125444325
732,70,1,36,0,0,0.3713713713713714,0.7755511022044087,0.6646104972588692
733,67,1,21,1,0,0.4944944944944945,0.843687374749499,0.4710118666676948
734,62,1,30,0,0,0.6236236236236237,0.9839679358717434,0.7531285902645519
735,28,0,24,0,0,0.9189189189189189,0.8216432865731462,0.09489478838161478
736,46,1,44,2,0,0.044044044044044044,0.2725450901803607,0.9366031567340835
737,73,0,42,1,0,0.40040040040040037,0.7334669338677354,0.7818352854091649
738,53,0,30,0,1,0.24624624624624625,0.7995991983967935,0.8053989868225243
739,42,1,22,0,1,0.6156156156156156,0.3667334669338677,0.9088757122699339
740,38,0,28,1,1,0.5965965965965966,0.1503006012024048,0.4005829240271106
741,78,0,7,2,1,0.4494494494494494,0.5731462925851702,0.3427917126092018
742,74,0,35,1,0,0.4844844844844845,0.9438877755511021,0.25534539790733357
743,53,0,28,1,1,0.6456456456456456,0.749498997995992,0.6315627144520437
744,27,0,14,0,0,0.6196196196196196,0.282565130260521,0.5866713958563047
745,54,0,10,0,0,0.017017017017017015,0.4729458917835671,0.9606834707111519
746,26,1,16,2,0,0.6056056056056056,0.04809619238476953,0.5472931814852225
747,41,0,16,0,0,0.6616616616616616,0.5791583166332664,0.927620266633768
748,52,0,31,0,1,0.7577577577577578,0.13226452905811623,0.5886144759466733
749,66,0,42,1,1,0.2882882882882883,0.4989979959919839,0.8572067452637423
750,52,1,25,0,0,0.4134134134134134,0.81563126252505,0.15062726017996622
751,65,0,13,2,1,0.7207207207207207,0.2344689378757515,0.32353054568165873
752,53,1,6,1,0,0.6376376376376376,0.9799599198396792,0.04622525849904774
753,35,0,44,2,0,0.23423423423423423,0.1442885771543086,0.8763753845679346
754,66,1,9,1,0,0.41541541541541543,0.56312625250501,0.8012737969481306
755,56,1,45,0,0,0.9379379379379379,0.8076152304609218,0.6110601352445428
756,49,0,36,1,1,0.4984984984984985,0.8957915831663326,0.17902552991340956
757,41,0,43,1,1,0.973973973973974,0.719438877755511,0.6808105419805538
758,40,1,20,0,1,0.6336336336336337,0.018036072144288574,0.8371822254435544
759,79,0,18,0,0,0.6496496496496497,0.42084168336673344,0.6339221688474914
760,49,1,43,2,1,0.11411411411411411,0.6452905811623246,0.9363487057698684
761,54,1,21,2,0,0.9319319319319319,0.30260521042084165,0.5501846697149378
762,29,1,4,0,1,0.6736736736736737,0.008016032064128256,0.8290629264945139
763,66,1,33,0,0,0.7127127127127127,0.3887775551102204,0.6541009013732642
764,72,1,27,0,0,0.23323323323323322,0.8837675350701402,0.274999807234118
765,30,0,7,1,0,0.5395395395395395,0.565130260521042,0.42349122144173457
766,40,1,6,1,0,0.01001001001001001,0.9278557114228456,0.39790733358521413
767,42,1,15,1,0,0.20520520520520522,0.22444889779559116,0.550315750514685
768,52,0,18,0,0,0.6786786786786787,0.5410821643286573,0.1178339283373557
769,58,1,32,2,0,0.24624624624624625,0.3246492985971944,0.7097100030071478
770,47,0,11,0,0,0.5585585585585585,0.9198396793587174,0.7107894919462415
771,34,0,20,1,0,0.7577577577577578,0.20841683366733466,0.7833311486533375
772,66,0,24,1,0,0.12612612612612611,0.3607214428857715,0.07375993708121611
773,79,1,15,0,0,0.14614614614614616,0.08617234468937875,0.19950497721507274
774,37,1,48,0,0,0.11711711711711711,0.56312625250501,0.6121473348189158
775,65,1,7,1,0,0.9109109109109109,0.3486973947895791,0.8991371799122531
776,42,0,21,1,1,0.3813813813813814,0.3226452905811623,0.6402063366000725
777,39,1,42,1,1,0.4114114114114114,0.9418837675350701,0.5165894318032863
778,30,0,26,0,0,0.6636636636636637,0.7014028056112224,0.13900733281415054
779,76,1,44,1,1,0.5835835835835835,0.8677354709418837,0.002606194724383337
780,36,0,14,1,1,0.36236236236236236,0.6793587174348696,0.6393119029076806
781,66,1,37,2,1,0.5085085085085085,0.2785571142284569,0.38419782405872427
782,53,1,21,0,0,0.13613613613613612,0.9418837675350701,0.2654463301231389
783,29,1,18,2,0,0.17417417417417416,0.2625250501002004,0.15464450116045061
784,78,0,5,2,0,0.2882882882882883,0.1723446893787575,0.9636751971994973
785,58,0,3,1,0,0.9579579579579579,0.3507014028056112,0.6265353802499788
786,36,1,23,0,0,0.4804804804804805,0.36472945891783565,0.5106214000971541
787,29,1,26,1,0,0.018018018018018018,0.7354709418837675,0.364967499672298
788,26,0,37,0,1,0.1941941941941942,0.2565130260521042,0.7028012737969481
789,24,0,24,2,1,0.32932932932932935,0.49098196392785565,0.7006962703657155
790,45,0,49,0,0,0.9359359359359359,0.17635270541082163,0.0
791,31,1,19,1,0,0.17417417417417416,0.13026052104208416,0.20925893084331218
792,48,0,25,1,0,0.44844844844844844,0.31462925851703405,0.6215928630359856
793,69,1,21,1,1,0.924924924924925,0.7735470941883766,0.2987794064352962
794,36,0,12,0,0,0.9459459459459459,0.7555110220440882,0.005991163611969996
795,75,1,41,2,0,0.3533533533533533,0.29659318637274545,0.6625903108157082
796,64,0,33,2,0,0.4984984984984985,0.9458917835671342,0.5858463578814259
797,33,0,4,0,0,0.14014014014014015,0.6793587174348696,0.216846195958085
798,70,0,42,1,0,0.7577577577577578,0.8657314629258517,0.7957452714529151
799,22,0,7,2,0,0.8968968968968969,0.23046092184368736,0.8096398362261067
800,52,0,22,1,1,0.92992992992993,0.42685370741482964,0.22804203838354245
801,29,1,33,0,1,0.0920920920920921,0.937875751503006,0.06877115605554743
802,42,0,17,1,1,0.943943943943944,0.8917835671342684,0.49268646243764025
803,69,0,24,2,1,0.23823823823823823,0.9619238476953907,0.259971779074878
804,76,0,34,2,0,0.2042042042042042,0.7434869739478958,0.19531039162316585
805,38,1,28,1,0,0.5595595595595596,0.5871743486973947,0.9175039131474042
806,53,0,43,0,0,0.43243243243243246,0.5050100200400801,0.31578135722602185
807,70,1,41,1,1,0.24424424424424424,0.28456913827655306,0.9032777910572053
808,40,0,39,0,0,0.8318318318318318,0.4989979959919839,0.26814505247087306
809,33,0,22,1,0,0.3163163163163163,0.7314629258517034,0.007386788597512545
810,74,1,49,2,0,0.924924924924925,0.8717434869739479,0.7972257134265293
811,56,0,17,0,0,0.29429429429429427,0.9258517034068136,0.8805005744423283
812,62,1,34,0,0,0.6396396396396397,0.6032064128256512,0.5041213345567541
813,70,1,6,0,0,0.8558558558558559,0.04809619238476953,0.9766599070097385
814,59,0,46,2,0,0.28128128128128127,0.5531062124248497,0.34690919184831637
815,75,1,6,1,0,0.016016016016016016,0.9438877755511021,0.6871101310036934
816,56,0,34,2,1,0.07007007007007007,0.7535070140280561,0.4698167181994125
817,31,0,1,0,0,0.2682682682682683,0.7555110220440882,0.9546306220169479
818,48,1,10,1,0,0.32432432432432434,0.7775551102204408,0.11656167351628102
819,75,1,21,2,0,0.7937937937937938,0.13827655310621242,0.9233408640537893
820,22,1,5,0,1,0.30430430430430433,0.22444889779559116,0.4335073366694683
821,52,1,2,0,0,0.45045045045045046,0.7254509018036072,0.049016508470132863
822,40,0,22,2,1,0.006006006006006006,0.2224448897795591,0.04849218527114449
823,46,0,48,2,0,0.3133133133133133,0.7274549098196392,0.5282093591691019
824,60,1,2,2,1,0.8168168168168168,0.6052104208416833,0.06807719888041577
825,28,0,10,0,1,0.1021021021021021,0.9418837675350701,0.8143818769228397
826,35,0,34,2,0,0.8208208208208209,0.9038076152304608,0.6080606981209182
827,64,0,16,0,0,0.1921921921921922,0.18036072144288576,0.09124765789453393
828,29,0,48,2,0,0.7527527527527528,0.03406813627254509,0.2990261467642319
829,26,1,39,0,0,0.5735735735735735,0.29659318637274545,0.17449167636921606
830,27,1,22,0,0,0.5285285285285285,0.9519038076152304,0.8002097292795953
831,75,0,12,1,0,0.17017017017017017,0.45290581162324645,0.2488607536374922
832,61,1,24,2,0,0.5365365365365365,0.42685370741482964,0.6002729564888851
833,34,1,47,2,0,0.2502502502502503,0.719438877755511,0.9873776900478831
834,78,1,40,0,0,0.7647647647647647,0.3006012024048096,0.013015552351358234
835,55,0,38,0,0,0.3863863863863864,0.38276553106212424,0.33519673685914986
836,24,0,10,0,0,0.2062062062062062,0.9018036072144288,0.6363587295957314
837,63,0,35,1,0,0.5405405405405406,0.0781563126252505,0.0322998511847391
838,30,1,49,1,0,0.6286286286286287,0.48296593186372744,0.9374744585206375
839,57,0,32,0,0,0.41541541541541543,0.2745490981963928,0.07667455721676911
840,59,0,7,2,1,0.7937937937937938,0.68937875751503,0.8295024327054307
841,26,1,21,2,0,0.3793793793793794,0.35871743486973945,0.9463031359153681
842,67,0,20,1,0,0.14314314314314314,0.9939879759519037,0.8268037103576964
843,44,0,26,1,0,0.024024024024024024,0.3987975951903807,0.8328565590519003
844,75,1,4,0,1,0.8218218218218218,0.4048096192384769,0.17668920742379965
845,19,1,46,2,1,0.6676676676676676,0.12024048096192384,0.8137958686416175
846,22,1,22,0,1,0.07207207207207207,0.38276553106212424,0.1032299851184739
847,46,0,15,1,0,0.6316316316316316,0.008016032064128256,0.28605685822454907
848,54,0,40,2,0,0.8238238238238238,0.7555110220440882,0.9570209189535127
849,55,0,21,2,0,0.8328328328328328,0.4729458917835671,0.8512232922870516
850,36,1,15,1,0,0.0920920920920921,0.3607214428857715,0.8913879914566162
851,25,1,22,0,1,0.5045045045045045,0.6212424849699398,0.9751794650361244
852,65,0,28,0,0,0.5975975975975976,0.0721442885771543,0.37041120817944195
853,62,0,14,2,0,0.3353353353353353,0.11022044088176351,0.3634253726164499
854,18,1,27,1,0,0.4244244244244244,0.8857715430861722,0.7962079095696695
855,39,1,41,2,1,0.4984984984984985,0.4729458917835671,0.11794187723126506
856,69,1,40,1,0,0.36336336336336333,0.7154308617234468,0.9643922862804667
857,34,1,28,0,0,0.9469469469469469,0.6973947895791582,0.6764386117772243
858,24,0,26,1,0,0.6296296296296297,0.3927855711422845,0.972187738547779
859,42,1,49,0,0,0.7447447447447447,0.1442885771543086,0.4250719016739789
860,62,0,2,1,0,0.1981981981981982,0.11623246492985971,0.21855024635479717
861,21,0,25,2,1,0.7177177177177178,0.4789579158316633,0.6227031945161963
862,53,0,3,0,0,0.4124124124124124,0.002004008016032064,0.18357480472816154
863,23,1,8,2,0,0.3383383383383383,0.8977955911823646,0.2791712609201872
864,77,1,44,2,0,0.6586586586586587,0.719438877755511,0.5054861170011797
865,48,1,33,0,0,0.9619619619619619,0.374749498997996,0.7457572229375978
866,36,1,42,0,1,0.9369369369369369,0.6132264529058116,0.8494575568081054
867,78,0,35,2,1,0.42842842842842843,0.058116232464929855,0.7287629827821515
868,61,1,6,2,0,0.7827827827827828,0.533066132264529,0.3844291431171014
869,71,1,39,2,1,0.8988988988988988,0.9519038076152304,0.32802584604945606
870,56,0,23,2,0,0.13813813813813813,0.21442885771543085,0.2847306289565197
871,44,1,25,0,0,0.6926926926926927,0.6633266533066132,0.4146779653175625
872,27,0,43,0,0,0.9419419419419419,0.845691382765531,0.2342336785127727
873,43,0,19,2,0,0.5415415415415415,0.1783567134268537,0.9988588259786725
874,36,0,5,1,0,0.056056056056056056,0.40881763527054105,0.7795066735548342
875,56,0,11,1,0,0.23123123123123124,0.7575150300601202,0.2437254705415179
876,79,0,12,0,0,0.6576576576576576,0.9118236472945891,0.6080067236739636
877,20,0,10,2,0,0.4344344344344344,0.8937875751503005,0.36065725455120246
878,62,0,8,2,0,0.3833833833833834,0.8957915831663326,0.8634986236516026
879,30,0,24,0,0,0.5595595595595596,0.8897795591182364,0.14825238451396008
880,67,1,28,1,1,0.1931931931931932,0.7615230460921844,0.323892945539783
881,45,1,41,1,0,0.7357357357357357,0.8757515030060119,0.6063258051830891
882,79,1,36,1,0,0.6476476476476476,0.438877755511022,0.20589709386156327
883,75,1,37,0,1,0.5335335335335335,0.7555110220440882,0.8473062895651974
884,37,0,21,1,0,0.5175175175175175,0.18637274549098196,0.06048222313036372
885,45,1,8,0,0,0.7157157157157157,0.9138276553106212,0.27587110902067224
886,25,0,9,0,0,0.7507507507507507,0.20440881763527052,0.5342544972280266
887,78,1,47,2,0,0.1841841841841842,0.4448897795591182,0.7951823950775304
888,58,1,15,1,0,0.8718718718718719,0.37074148296593185,0.1295849365029185
889,56,1,48,0,0,0.2912912912912913,0.937875751503006,0.8185301987030712
890,18,0,46,1,1,0.33433433433433435,0.3667334669338677,0.88657655504237
891,20,1,40,1,1,0.7317317317317317,0.9899799599198396,0.04181477511932208
892,30,0,18,2,1,0.11511511511511512,0.3226452905811623,0.46491275416181543
893,45,0,42,1,0,0.8248248248248248,0.4929859719438877,0.5636705708183297
894,79,1,20,2,0,0.04804804804804805,0.06012024048096192,0.6696455420962133
895,74,1,6,0,0,0.6846846846846847,0.10220440881763526,0.8558650947251544
896,77,1,12,1,0,0.08108108108108109,0.68937875751503,0.5565459438203114
897,66,0,2,0,1,0.8338338338338338,0.1503006012024048,0.2076242761641132
898,42,1,7,1,0,0.33233233233233234,0.7695390781563125,0.9116669622410191
899,73,0,16,0,0,0.5565565565565566,0.877755511022044,0.9972241712994735
900,50,0,3,1,0,0.33433433433433435,0.5551102204408818,0.6543939055138753
901,55,1,45,1,1,0.5315315315315315,0.0781563126252505,0.5069202951631185
902,70,1,3,1,1,0.95995995995996,0.2004008016032064,0.30534886769320924
903,23,0,27,1,0,0.22022022022022023,0.22044088176352702,0.1977161098302889
904,75,0,43,1,1,0.6346346346346347,0.7695390781563125,0.9736990230625101
905,61,0,40,1,0,0.7457457457457457,0.6412825651302605,0.8771850012722547
906,62,1,38,1,0,0.7327327327327328,0.49699398797595185,0.7802854477180375
907,49,0,33,1,1,0.32232232232232233,0.3807615230460922,0.22271398940558715
908,62,1,28,1,0,0.8508508508508509,0.9799599198396792,0.5160111341573432
909,78,0,1,0,1,0.002002002002002002,0.3627254509018036,0.7052763877215844
910,64,0,8,2,0,0.6936936936936937,0.8517034068136272,0.029554865025329446
911,38,1,37,1,0,0.20520520520520522,0.8096192384769538,0.49875473240240265
912,33,0,32,2,1,0.8318318318318318,0.6693386773547093,0.2778912954638333
913,71,1,48,1,0,0.03903903903903904,0.4168336673346693,0.5629997455490358
914,38,1,43,1,1,0.058058058058058054,0.04208416833667334,0.7430816324957014
915,28,0,37,0,1,0.950950950950951,0.3306613226452906,0.7635302372562476
916,77,1,4,0,0,0.5735735735735735,0.19639278557114226,0.8763985164737723
917,54,1,30,2,0,0.6436436436436437,0.9859719438877754,0.19388392409650632
918,53,0,6,0,0,0.5065065065065065,0.41482965931863724,0.1348667216691983
919,52,1,46,0,0,0.5715715715715716,0.014028056112224447,0.7978425642488685
920,36,1,19,2,0,0.8838838838838838,0.3787575150300601,0.026455189643074695
921,37,1,32,0,0,0.8428428428428428,0.3486973947895791,0.008373749913255346
922,74,0,9,1,0,0.12112112112112113,0.5450901803607214,0.8189619942787086
923,35,1,12,2,0,0.47847847847847846,0.03206412825651302,0.8253155577488029
924,64,0,11,2,1,0.6186186186186187,0.1783567134268537,0.8856512788088612
925,58,0,46,1,1,0.09509509509509509,0.280561122244489,0.7051761494629543
926,66,1,16,0,0,0.8588588588588588,0.2885771543086172,0.3982003377258253
927,31,1,1,2,0,0.4134134134134134,0.3306613226452906,0.026563138536984054
928,32,1,45,2,1,0.23423423423423423,0.6733466933867734,0.6852518679013965
929,48,0,21,1,0,0.8978978978978979,0.9919839679358716,0.2115952533329221
930,18,1,30,1,0,0.06106106106106106,0.15430861723446893,0.9768449622564402
931,70,1,13,0,1,0.2552552552552553,0.8577154308617234,0.7928769151290375
932,71,1,34,2,0,0.5605605605605606,0.5230460921843687,0.772705893238544
933,71,1,4,0,0,0.9049049049049049,0.3246492985971944,0.0680617776098573
934,20,1,28,0,1,0.34734734734734735,0.7314629258517034,0.5970576215774418
935,33,0,38,1,1,0.6706706706706707,0.026052104208416832,0.2726634847445081
936,40,0,31,2,0,0.12312312312312312,0.47695390781563124,0.2393612509734677
937,74,1,27,2,0,0.48148148148148145,0.14228456913827653,0.7989374744585207
938,28,1,5,2,0,0.3163163163163163,0.8897795591182364,0.6405918683640346
939,29,1,25,1,0,0.5035035035035035,0.28456913827655306,0.8529119214132052
940,27,1,3,1,1,0.7187187187187187,0.6192384769539078,0.06666615262431472
941,49,0,33,1,0,0.04704704704704705,0.565130260521042,0.7201656244457981
942,33,1,4,1,1,0.4084084084084084,0.5370741482965932,0.7422643051561019
943,25,0,25,1,0,0.9319319319319319,0.48096192384769537,0.1708830990585314
944,55,0,20,2,0,0.13513513513513514,0.8296593186372745,0.6144759466732465
945,29,1,34,0,0,0.20020020020020018,0.4889779559118236,0.4870654093190738
946,41,0,26,2,0,0.24924924924924924,0.3246492985971944,0.8447232267466517
947,45,0,5,0,0,0.3133133133133133,0.11823647294589178,0.809871155284484
948,70,0,35,1,0,0.8688688688688688,0.01002004008016032,0.5895705947212991
949,25,0,28,0,0,0.36736736736736736,0.3927855711422845,0.9370272416744415
950,75,1,29,2,0,0.42842842842842843,0.939879759519038,0.4622680062610359
951,45,1,9,2,0,0.8298298298298298,0.11422845691382764,0.19473980461250204
952,53,0,38,0,1,0.8068068068068068,0.6092184368737474,0.7788666908266573
953,43,1,6,1,0,0.4794794794794795,0.813627254509018,0.5959935539089066
954,25,1,19,1,0,0.3133133133133133,0.43286573146292584,0.8268962379810473
955,75,1,44,2,1,0.4994994994994995,0.8356713426853707,0.1721861964207231
956,77,1,11,0,1,0.7207207207207207,0.0501002004008016,0.7224556831237325
957,67,1,2,1,0,0.35435435435435436,0.6052104208416833,0.047728832378499675
958,45,0,47,1,0,0.4844844844844845,0.008016032064128256,0.2725709571211572
959,45,1,44,2,1,0.21021021021021022,0.9478957915831663,0.9882567024697165
960,54,1,44,1,1,0.7037037037037037,0.038076152304609215,0.8382694250179272
961,58,1,9,0,1,0.043043043043043044,0.7795591182364728,0.707666684658149
962,53,1,21,2,0,0.5405405405405406,0.3947895791583166,0.2395463062201695
963,44,0,24,2,0,0.5705705705705706,0.11623246492985971,0.4969581543823396
964,71,0,34,0,0,0.5825825825825826,0.8957915831663326,0.006908729210199638
965,34,0,22,2,0,0.09109109109109109,0.48296593186372744,0.034535935415718894
966,26,0,3,1,0,0.26426426426426425,0.29058116232464926,0.25058022530476287
967,50,1,12,1,1,0.8948948948948949,0.7755511022044087,0.16466061638818422
968,70,0,28,0,0,0.21921921921921922,0.5450901803607214,0.6292495238682715
969,37,1,30,1,0,0.9019019019019019,0.49699398797595185,0.41074554132514984
970,30,1,26,0,0,0.924924924924925,0.026052104208416832,0.08693741277343842
971,45,1,48,0,0,0.44144144144144143,0.9238476953907815,0.210631423923017
972,65,1,21,1,0,0.40040040040040037,0.024048096192384766,0.0869913872203931
973,46,1,28,0,1,0.3993993993993994,0.7815631262525049,0.3588375446253017
974,30,0,26,1,0,0.7267267267267267,0.7675350701402806,0.8408062240247974
975,63,0,33,2,0,0.990990990990991,0.08617234468937875,0.5666468760361166
976,52,0,21,2,1,0.8988988988988988,0.749498997995992,0.6999252068377914
977,78,0,35,0,0,0.7887887887887888,0.7975951903807614,0.20575830242653695
978,23,1,34,1,0,0.5755755755755756,0.03607214428857715,0.9241350594875511
979,35,0,41,1,1,0.8578578578578578,0.12424849699398796,0.6278616095180082
980,68,1,47,2,0,0.8038038038038038,0.9819639278557113,0.45961554772497704
981,22,0,18,2,0,0.4894894894894895,0.47695390781563124,0.20592022576740096
982,64,1,11,1,1,0.4844844844844845,0.9839679358717434,0.6047682568566825
983,42,1,23,0,0,0.7567567567567568,0.8376753507014028,0.806478475761618
984,19,0,48,2,0,0.4694694694694695,0.6733466933867734,0.4477334587596672
985,27,1,22,0,0,0.5735735735735735,0.8376753507014028,0.18748409681473657
986,73,1,17,0,1,0.9379379379379379,0.8056112224448897,0.25362592624006297
987,47,0,5,2,0,0.8438438438438438,0.8076152304609218,0.49213129669753497
988,67,1,44,0,0,0.6816816816816816,0.19839679358717432,0.8268037103576964
989,76,0,11,0,0,0.4444444444444444,0.3246492985971944,0.5373233300691644
990,62,0,30,1,0,0.2682682682682683,0.8316633266533066,0.45416412858255395
991,22,0,15,0,1,0.26626626626626626,0.24248496993987975,0.7172355830396867
992,72,1,27,1,0,0.05305305305305305,0.8637274549098196,0.6699154143309868
993,73,1,35,2,0,0.5275275275275275,0.08617234468937875,0.30093838431348363
994,50,1,33,2,0,0.5195195195195195,0.719438877755511,0.4303074230285834
995,71,0,20,1,0,0.6156156156156156,0.81563126252505,0.9909862673585678
996,18,1,16,2,0,0.058058058058058054,0.6332665330661322,0.06650422928345068
997,35,0,34,0,1,0.8248248248248248,0.7615230460921844,0.28246370218442296
998,49,0,2,0,0,0.03903903903903904,0.2885771543086172,0.8487019145507398
999,64,1,35,0,1,0.23623623623623624,0.6533066132264529,0.34773422982319513
1000,66,0,40,2,1,0.954954954954955,0.7254509018036072,0.6039817720581999
